slug,old_url,suggested_new_filename,reason
"yum-cha-comer-y-beber-con-te","https://azure-seal-918691.hostingersite.com/wp-content/uploads/2025/10/YUM-CHA-2.webp","YUM-CHA-1.webp","idx 2 -> 1"
"yum-cha-comer-y-beber-con-te","https://azure-seal-918691.hostingersite.com/wp-content/uploads/2025/10/YUM-CHA-3.webp","YUM-CHA-2.webp","idx 3 -> 2"
"yum-cha-comer-y-beber-con-te","https://azure-seal-918691.hostingersite.com/wp-content/uploads/2025/10/YUM-CHA-4.webp","YUM-CHA-3.webp","idx 4 -> 3"
"yum-cha-comer-y-beber-con-te","https://azure-seal-918691.hostingersite.com/wp-content/uploads/2025/10/YUM-CHA-5.webp","YUM-CHA-4.webp","idx 5 -> 4"
"yum-cha-comer-y-beber-con-te","https://azure-seal-918691.hostingersite.com/wp-content/uploads/2025/10/YUM-CHA-6.webp","YUM-CHA-5.webp","idx 6 -> 5"
"yum-cha-comer-y-beber-con-te","https://azure-seal-918691.hostingersite.com/wp-content/uploads/2025/10/YUM-CHA-7.webp","YUM-CHA-6.webp","idx 7 -> 6"
"dolce-salato","https://azure-seal-918691.hostingersite.com/wp-content/uploads/2025/10/DOLCE-SALATO-2.webp","DOLCE-SALATO-1.webp","idx 2 -> 1"
"dolce-salato","https://azure-seal-918691.hostingersite.com/wp-content/uploads/2025/10/DOLCE-SALATO-3.webp","DOLCE-SALATO-2.webp","idx 3 -> 2"
"dolce-salato","https://azure-seal-918691.hostingersite.com/wp-content/uploads/2025/10/DOLCE-SALATO-4.webp","DOLCE-SALATO-3.webp","idx 4 -> 3"
"dolce-salato","https://azure-seal-918691.hostingersite.com/wp-content/uploads/2025/10/DOLCE-SALATO-5.webp","DOLCE-SALATO-4.webp","idx 5 -> 4"
"dolce-salato","https://azure-seal-918691.hostingersite.com/wp-content/uploads/2025/10/DOLCE-SALATO-6.webp","DOLCE-SALATO-5.webp","idx 6 -> 5"
"dolce-salato","https://azure-seal-918691.hostingersite.com/wp-content/uploads/2025/10/DOLCE-SALATO-7.webp","DOLCE-SALATO-6.webp","idx 7 -> 6"
"dolce-salato","https://azure-seal-918691.hostingersite.com/wp-content/uploads/2025/10/DOLCE-SALATO-8.webp","DOLCE-SALATO-7.webp","idx 8 -> 7"
"dolce-salato","https://azure-seal-918691.hostingersite.com/wp-content/uploads/2025/10/DOLCE-SALATO-9.webp","DOLCE-SALATO-8.webp","idx 9 -> 8"
"dolce-salato","https://azure-seal-918691.hostingersite.com/wp-content/uploads/2025/10/DOLCE-SALATO-10.webp","DOLCE-SALATO-9.webp","idx 10 -> 9"
"dolce-salato","https://azure-seal-918691.hostingersite.com/wp-content/uploads/2025/10/DOLCE-SALATO-11.webp","DOLCE-SALATO-10.webp","idx 11 -> 10"
"dolce-salato","https://azure-seal-918691.hostingersite.com/wp-content/uploads/2025/10/DOLCE-SALATO-12.webp","DOLCE-SALATO-11.webp","idx 12 -> 11"
"dolce-salato","https://azure-seal-918691.hostingersite.com/wp-content/uploads/2025/10/DOLCE-SALATO-13.webp","DOLCE-SALATO-12.webp","idx 13 -> 12"
"dolce-salato","https://azure-seal-918691.hostingersite.com/wp-content/uploads/2025/10/DOLCE-SALATO-14.webp","DOLCE-SALATO-13.webp","idx 14 -> 13"
"la-vinoteca-zoco-celebracion-del-vino","https://azure-seal-918691.hostingersite.com/wp-content/uploads/2025/10/LA-VINOTECA-2.webp","LA-VINOTECA-1.webp","idx 2 -> 1"
"la-vinoteca-zoco-celebracion-del-vino","https://azure-seal-918691.hostingersite.com/wp-content/uploads/2025/10/LA-VINOTECA-3.webp","LA-VINOTECA-2.webp","idx 3 -> 2"
"la-vinoteca-zoco-celebracion-del-vino","https://azure-seal-918691.hostingersite.com/wp-content/uploads/2025/10/LA-VINOTECA-4.webp","LA-VINOTECA-3.webp","idx 4 -> 3"
"la-vinoteca-zoco-celebracion-del-vino","https://azure-seal-918691.hostingersite.com/wp-content/uploads/2025/10/LA-VINOTECA-5.webp","LA-VINOTECA-4.webp","idx 5 -> 4"
"la-vinoteca-zoco-celebracion-del-vino","https://azure-seal-918691.hostingersite.com/wp-content/uploads/2025/10/LA-VINOTECA-6.webp","LA-VINOTECA-5.webp","idx 6 -> 5"
"verde-sazon-la-revolucion-vegetal","https://azure-seal-918691.hostingersite.com/wp-content/uploads/2025/10/VERDE-SAZON-2.webp","VERDE-SAZON-1.webp","idx 2 -> 1"
"verde-sazon-la-revolucion-vegetal","https://azure-seal-918691.hostingersite.com/wp-content/uploads/2025/10/VERDE-SAZON-3.webp","VERDE-SAZON-2.webp","idx 3 -> 2"
"verde-sazon-la-revolucion-vegetal","https://azure-seal-918691.hostingersite.com/wp-content/uploads/2025/10/VERDE-SAZON-4.webp","VERDE-SAZON-3.webp","idx 4 -> 3"
"verde-sazon-la-revolucion-vegetal","https://azure-seal-918691.hostingersite.com/wp-content/uploads/2025/10/VERDE-SAZON-5.webp","VERDE-SAZON-4.webp","idx 5 -> 4"
"elementor-17486","https://azure-seal-918691.hostingersite.com/wp-content/uploads/2025/10/TONI-LAUTARO-2.webp","TONI-LAUTARO-1.webp","idx 2 -> 1"
"elementor-17486","https://azure-seal-918691.hostingersite.com/wp-content/uploads/2025/10/TONI-LAUTARO-3.webp","TONI-LAUTARO-2.webp","idx 3 -> 2"
"elementor-17486","https://azure-seal-918691.hostingersite.com/wp-content/uploads/2025/10/TONI-LAUTARO-4.webp","TONI-LAUTARO-3.webp","idx 4 -> 3"
"elementor-17486","https://azure-seal-918691.hostingersite.com/wp-content/uploads/2025/10/TONI-LAUTARO-5.webp","TONI-LAUTARO-4.webp","idx 5 -> 4"
"elementor-17486","https://azure-seal-918691.hostingersite.com/wp-content/uploads/2025/10/TONI-LAUTARO-6.webp","TONI-LAUTARO-5.webp","idx 6 -> 5"
"elementor-17486","https://azure-seal-918691.hostingersite.com/wp-content/uploads/2025/10/TONI-LAUTARO-7.webp","TONI-LAUTARO-6.webp","idx 7 -> 6"
"elementor-17486","https://azure-seal-918691.hostingersite.com/wp-content/uploads/2025/10/TONI-LAUTARO-8.webp","TONI-LAUTARO-7.webp","idx 8 -> 7"
"elementor-17486","https://azure-seal-918691.hostingersite.com/wp-content/uploads/2025/10/TONI-LAUTARO-9.webp","TONI-LAUTARO-8.webp","idx 9 -> 8"
"tanaka-la-fusion-redefinida","https://azure-seal-918691.hostingersite.com/wp-content/uploads/2025/10/TANAKA-2.webp","TANAKA-1.webp","idx 2 -> 1"
"tanaka-la-fusion-redefinida","https://azure-seal-918691.hostingersite.com/wp-content/uploads/2025/10/TANAKA-3.webp","TANAKA-2.webp","idx 3 -> 2"
"tanaka-la-fusion-redefinida","https://azure-seal-918691.hostingersite.com/wp-content/uploads/2025/10/TANAKA-4.webp","TANAKA-3.webp","idx 4 -> 3"
"tanaka-la-fusion-redefinida","https://azure-seal-918691.hostingersite.com/wp-content/uploads/2025/10/TANAKA-5.webp","TANAKA-4.webp","idx 5 -> 4"
"tanaka-la-fusion-redefinida","https://azure-seal-918691.hostingersite.com/wp-content/uploads/2025/10/TANAKA-6.webp","TANAKA-5.webp","idx 6 -> 5"
"tanaka-la-fusion-redefinida","https://azure-seal-918691.hostingersite.com/wp-content/uploads/2025/10/TANAKA-7.webp","TANAKA-6.webp","idx 7 -> 6"
"tanaka-la-fusion-redefinida","https://azure-seal-918691.hostingersite.com/wp-content/uploads/2025/10/TANAKA-8.webp","TANAKA-7.webp","idx 8 -> 7"
"tanaka-la-fusion-redefinida","https://azure-seal-918691.hostingersite.com/wp-content/uploads/2025/10/TANAKA-9.webp","TANAKA-8.webp","idx 9 -> 8"
"tanaka-la-fusion-redefinida","https://azure-seal-918691.hostingersite.com/wp-content/uploads/2025/10/TANAKA-10.webp","TANAKA-9.webp","idx 10 -> 9"
"tanaka-la-fusion-redefinida","https://azure-seal-918691.hostingersite.com/wp-content/uploads/2025/10/TANAKA-11.webp","TANAKA-10.webp","idx 11 -> 10"
"siam-thai-experiencia-de-autor","https://azure-seal-918691.hostingersite.com/wp-content/uploads/2025/10/SIAM-THAI-2.webp","SIAM-THAI-1.webp","idx 2 -> 1"
"siam-thai-experiencia-de-autor","https://azure-seal-918691.hostingersite.com/wp-content/uploads/2025/10/SIAM-THAI-3.webp","SIAM-THAI-2.webp","idx 3 -> 2"
"siam-thai-experiencia-de-autor","https://azure-seal-918691.hostingersite.com/wp-content/uploads/2025/10/SIAM-THAI-4.webp","SIAM-THAI-3.webp","idx 4 -> 3"
"siam-thai-experiencia-de-autor","https://azure-seal-918691.hostingersite.com/wp-content/uploads/2025/10/SIAM-THAI-5.webp","SIAM-THAI-4.webp","idx 5 -> 4"
"siam-thai-experiencia-de-autor","https://azure-seal-918691.hostingersite.com/wp-content/uploads/2025/10/SIAM-THAI-6.webp","SIAM-THAI-5.webp","idx 6 -> 5"
"siam-thai-experiencia-de-autor","https://azure-seal-918691.hostingersite.com/wp-content/uploads/2025/10/SIAM-THAI-7.webp","SIAM-THAI-6.webp","idx 7 -> 6"
"siam-thai-experiencia-de-autor","https://azure-seal-918691.hostingersite.com/wp-content/uploads/2025/10/SIAM-THAI-8.webp","SIAM-THAI-7.webp","idx 8 -> 7"
"savia-asia-en-todo-su-esplendor","https://azure-seal-918691.hostingersite.com/wp-content/uploads/2025/10/SAVIA-2.webp","SAVIA-1.webp","idx 2 -> 1"
"savia-asia-en-todo-su-esplendor","https://azure-seal-918691.hostingersite.com/wp-content/uploads/2025/10/SAVIA-3.webp","SAVIA-2.webp","idx 3 -> 2"
"savia-asia-en-todo-su-esplendor","https://azure-seal-918691.hostingersite.com/wp-content/uploads/2025/10/SAVIA-4.webp","SAVIA-3.webp","idx 4 -> 3"
"savia-asia-en-todo-su-esplendor","https://azure-seal-918691.hostingersite.com/wp-content/uploads/2025/10/SAVIA-5.webp","SAVIA-4.webp","idx 5 -> 4"
"rubaiyat-santiago-icono-de-la-parrilla-brasilena","https://azure-seal-918691.hostingersite.com/wp-content/uploads/2025/10/RUBAIYAT-2.webp","RUBAIYAT-1.webp","idx 2 -> 1"
"rubaiyat-santiago-icono-de-la-parrilla-brasilena","https://azure-seal-918691.hostingersite.com/wp-content/uploads/2025/10/RUBAIYAT-3.webp","RUBAIYAT-2.webp","idx 3 -> 2"
"rubaiyat-santiago-icono-de-la-parrilla-brasilena","https://azure-seal-918691.hostingersite.com/wp-content/uploads/2025/10/RUBAIYAT-4.webp","RUBAIYAT-3.webp","idx 4 -> 3"
"rubaiyat-santiago-icono-de-la-parrilla-brasilena","https://azure-seal-918691.hostingersite.com/wp-content/uploads/2025/10/RUBAIYAT-5.webp","RUBAIYAT-4.webp","idx 5 -> 4"
"rubaiyat-santiago-icono-de-la-parrilla-brasilena","https://azure-seal-918691.hostingersite.com/wp-content/uploads/2025/10/RUBAIYAT-6.webp","RUBAIYAT-5.webp","idx 6 -> 5"
"rubaiyat-santiago-icono-de-la-parrilla-brasilena","https://azure-seal-918691.hostingersite.com/wp-content/uploads/2025/10/RUBAIYAT-7.webp","RUBAIYAT-6.webp","idx 7 -> 6"
"rubaiyat-santiago-icono-de-la-parrilla-brasilena","https://azure-seal-918691.hostingersite.com/wp-content/uploads/2025/10/RUBAIYAT-8.webp","RUBAIYAT-7.webp","idx 8 -> 7"
"rivoli-ristorante-lo-mejor-de-roma-y-del-lazio","https://azure-seal-918691.hostingersite.com/wp-content/uploads/2025/10/RIVOLI-2.webp","RIVOLI-1.webp","idx 2 -> 1"
"rivoli-ristorante-lo-mejor-de-roma-y-del-lazio","https://azure-seal-918691.hostingersite.com/wp-content/uploads/2025/10/RIVOLI-3.webp","RIVOLI-2.webp","idx 3 -> 2"
"rivoli-ristorante-lo-mejor-de-roma-y-del-lazio","https://azure-seal-918691.hostingersite.com/wp-content/uploads/2025/10/RIVOLI-4.webp","RIVOLI-3.webp","idx 4 -> 3"
"rivoli-ristorante-lo-mejor-de-roma-y-del-lazio","https://azure-seal-918691.hostingersite.com/wp-content/uploads/2025/10/RIVOLI-5.webp","RIVOLI-4.webp","idx 5 -> 4"
"rivoli-ristorante-lo-mejor-de-roma-y-del-lazio","https://azure-seal-918691.hostingersite.com/wp-content/uploads/2025/10/RIVOLI-6.webp","RIVOLI-5.webp","idx 6 -> 5"
"rivoli-ristorante-lo-mejor-de-roma-y-del-lazio","https://azure-seal-918691.hostingersite.com/wp-content/uploads/2025/10/RIVOLI-7.webp","RIVOLI-6.webp","idx 7 -> 6"
"quinoa-siempre-fresquisimo-y-de-temporada","https://azure-seal-918691.hostingersite.com/wp-content/uploads/2025/10/QUINOA-2.webp","QUINOA-1.webp","idx 2 -> 1"
"quinoa-siempre-fresquisimo-y-de-temporada","https://azure-seal-918691.hostingersite.com/wp-content/uploads/2025/10/QUINOA-3.webp","QUINOA-2.webp","idx 3 -> 2"
"quinoa-siempre-fresquisimo-y-de-temporada","https://azure-seal-918691.hostingersite.com/wp-content/uploads/2025/10/QUINOA-4.webp","QUINOA-3.webp","idx 4 -> 3"
"quinoa-siempre-fresquisimo-y-de-temporada","https://azure-seal-918691.hostingersite.com/wp-content/uploads/2025/10/QUINOA-5.webp","QUINOA-4.webp","idx 5 -> 4"
"pulperia-santa-elvira-una-joya-de-matta-sur","https://azure-seal-918691.hostingersite.com/wp-content/uploads/2025/10/PULPERIA-2.webp","PULPERIA-1.webp","idx 2 -> 1"
"pulperia-santa-elvira-una-joya-de-matta-sur","https://azure-seal-918691.hostingersite.com/wp-content/uploads/2025/10/PULPERIA-3.webp","PULPERIA-2.webp","idx 3 -> 2"
"pulperia-santa-elvira-una-joya-de-matta-sur","https://azure-seal-918691.hostingersite.com/wp-content/uploads/2025/10/PULPERIA-4.webp","PULPERIA-3.webp","idx 4 -> 3"
"pulperia-santa-elvira-una-joya-de-matta-sur","https://azure-seal-918691.hostingersite.com/wp-content/uploads/2025/10/PULPERIA-5.webp","PULPERIA-4.webp","idx 5 -> 4"
"pulperia-santa-elvira-una-joya-de-matta-sur","https://azure-seal-918691.hostingersite.com/wp-content/uploads/2025/10/PULPERIA-6.webp","PULPERIA-5.webp","idx 6 -> 5"
"pristino-comfort-food-de-mantel-largo","https://azure-seal-918691.hostingersite.com/wp-content/uploads/2025/10/PRISTINO-2.webp","PRISTINO-1.webp","idx 2 -> 1"
"pristino-comfort-food-de-mantel-largo","https://azure-seal-918691.hostingersite.com/wp-content/uploads/2025/10/PRISTINO-3.webp","PRISTINO-2.webp","idx 3 -> 2"
"pristino-comfort-food-de-mantel-largo","https://azure-seal-918691.hostingersite.com/wp-content/uploads/2025/10/PRISTINO-4.webp","PRISTINO-3.webp","idx 4 -> 3"
"pristino-comfort-food-de-mantel-largo","https://azure-seal-918691.hostingersite.com/wp-content/uploads/2025/10/PRISTINO-5.webp","PRISTINO-4.webp","idx 5 -> 4"
"pristino-comfort-food-de-mantel-largo","https://azure-seal-918691.hostingersite.com/wp-content/uploads/2025/10/PRISTINO-6.webp","PRISTINO-5.webp","idx 6 -> 5"
"piso-uno-sofisticacion-en-formato-izakaya","https://azure-seal-918691.hostingersite.com/wp-content/uploads/2025/10/PISO-UNO-2.webp","PISO-UNO-1.webp","idx 2 -> 1"
"piso-uno-sofisticacion-en-formato-izakaya","https://azure-seal-918691.hostingersite.com/wp-content/uploads/2025/10/PISO-UNO-3.webp","PISO-UNO-2.webp","idx 3 -> 2"
"piso-uno-sofisticacion-en-formato-izakaya","https://azure-seal-918691.hostingersite.com/wp-content/uploads/2025/10/PISO-UNO-4.webp","PISO-UNO-3.webp","idx 4 -> 3"
"piso-uno-sofisticacion-en-formato-izakaya","https://azure-seal-918691.hostingersite.com/wp-content/uploads/2025/10/PISO-UNO-5.webp","PISO-UNO-4.webp","idx 5 -> 4"
"piso-uno-sofisticacion-en-formato-izakaya","https://azure-seal-918691.hostingersite.com/wp-content/uploads/2025/10/PISO-UNO-6.webp","PISO-UNO-5.webp","idx 6 -> 5"
"piso-uno-sofisticacion-en-formato-izakaya","https://azure-seal-918691.hostingersite.com/wp-content/uploads/2025/10/PISO-UNO-7.webp","PISO-UNO-6.webp","idx 7 -> 6"
"piso-uno-sofisticacion-en-formato-izakaya","https://azure-seal-918691.hostingersite.com/wp-content/uploads/2025/10/PISO-UNO-8.webp","PISO-UNO-7.webp","idx 8 -> 7"
"pallozzi-un-viaje-en-cada-copa","https://azure-seal-918691.hostingersite.com/wp-content/uploads/2025/10/PALLOZZI-2.webp","PALLOZZI-1.webp","idx 2 -> 1"
"pallozzi-un-viaje-en-cada-copa","https://azure-seal-918691.hostingersite.com/wp-content/uploads/2025/10/PALLOZZI-3.webp","PALLOZZI-2.webp","idx 3 -> 2"
"pallozzi-un-viaje-en-cada-copa","https://azure-seal-918691.hostingersite.com/wp-content/uploads/2025/10/PALLOZZI-4.webp","PALLOZZI-3.webp","idx 4 -> 3"
"pallozzi-un-viaje-en-cada-copa","https://azure-seal-918691.hostingersite.com/wp-content/uploads/2025/10/PALLOZZI-5.webp","PALLOZZI-4.webp","idx 5 -> 4"
"ocean-pacifics-destino-gastronomico-patrimonial","https://azure-seal-918691.hostingersite.com/wp-content/uploads/2025/10/OCEAN-PACIFIC-2.webp","OCEAN-PACIFIC-1.webp","idx 2 -> 1"
"ocean-pacifics-destino-gastronomico-patrimonial","https://azure-seal-918691.hostingersite.com/wp-content/uploads/2025/10/OCEAN-PACIFIC-3.webp","OCEAN-PACIFIC-2.webp","idx 3 -> 2"
"ocean-pacifics-destino-gastronomico-patrimonial","https://azure-seal-918691.hostingersite.com/wp-content/uploads/2025/10/OCEAN-PACIFIC-4.webp","OCEAN-PACIFIC-3.webp","idx 4 -> 3"
"ocean-pacifics-destino-gastronomico-patrimonial","https://azure-seal-918691.hostingersite.com/wp-content/uploads/2025/10/OCEAN-PACIFIC-5.webp","OCEAN-PACIFIC-4.webp","idx 5 -> 4"
"ocean-pacifics-destino-gastronomico-patrimonial","https://azure-seal-918691.hostingersite.com/wp-content/uploads/2025/10/OCEAN-PACIFIC-6.webp","OCEAN-PACIFIC-5.webp","idx 6 -> 5"
"ocean-pacifics-destino-gastronomico-patrimonial","https://azure-seal-918691.hostingersite.com/wp-content/uploads/2025/10/OCEAN-PACIFIC-7.webp","OCEAN-PACIFIC-6.webp","idx 7 -> 6"
"normandie-tradicion-francesa-y-mediterranea","https://azure-seal-918691.hostingersite.com/wp-content/uploads/2025/10/NORMANDIE-2.webp","NORMANDIE-1.webp","idx 2 -> 1"
"normandie-tradicion-francesa-y-mediterranea","https://azure-seal-918691.hostingersite.com/wp-content/uploads/2025/10/NORMANDIE-3.webp","NORMANDIE-2.webp","idx 3 -> 2"
"normandie-tradicion-francesa-y-mediterranea","https://azure-seal-918691.hostingersite.com/wp-content/uploads/2025/10/NORMANDIE-4.webp","NORMANDIE-3.webp","idx 4 -> 3"
"normandie-tradicion-francesa-y-mediterranea","https://azure-seal-918691.hostingersite.com/wp-content/uploads/2025/10/NORMANDIE-5.webp","NORMANDIE-4.webp","idx 5 -> 4"
"normandie-tradicion-francesa-y-mediterranea","https://azure-seal-918691.hostingersite.com/wp-content/uploads/2025/10/NORMANDIE-6.webp","NORMANDIE-5.webp","idx 6 -> 5"
"normandie-tradicion-francesa-y-mediterranea","https://azure-seal-918691.hostingersite.com/wp-content/uploads/2025/10/NORMANDIE-7.webp","NORMANDIE-6.webp","idx 7 -> 6"
"naoki-entre-japon-y-la-costa-chilena","https://azure-seal-918691.hostingersite.com/wp-content/uploads/2025/10/NAOKI-2.webp","NAOKI-1.webp","idx 2 -> 1"
"naoki-entre-japon-y-la-costa-chilena","https://azure-seal-918691.hostingersite.com/wp-content/uploads/2025/10/NAOKI-3.webp","NAOKI-2.webp","idx 3 -> 2"
"naoki-entre-japon-y-la-costa-chilena","https://azure-seal-918691.hostingersite.com/wp-content/uploads/2025/10/NAOKI-4.webp","NAOKI-3.webp","idx 4 -> 3"
"naoki-entre-japon-y-la-costa-chilena","https://azure-seal-918691.hostingersite.com/wp-content/uploads/2025/10/NAOKI-5.webp","NAOKI-4.webp","idx 5 -> 4"
"mayan-la-casa-de-los-guerrero","https://azure-seal-918691.hostingersite.com/wp-content/uploads/2025/10/MAYAN-2.webp","MAYAN-1.webp","idx 2 -> 1"
"mayan-la-casa-de-los-guerrero","https://azure-seal-918691.hostingersite.com/wp-content/uploads/2025/10/MAYAN-3.webp","MAYAN-2.webp","idx 3 -> 2"
"mayan-la-casa-de-los-guerrero","https://azure-seal-918691.hostingersite.com/wp-content/uploads/2025/10/MAYAN-4.webp","MAYAN-3.webp","idx 4 -> 3"
"mayan-la-casa-de-los-guerrero","https://azure-seal-918691.hostingersite.com/wp-content/uploads/2025/10/MAYAN-5.webp","MAYAN-4.webp","idx 5 -> 4"
"mayan-la-casa-de-los-guerrero","https://azure-seal-918691.hostingersite.com/wp-content/uploads/2025/10/MAYAN-6.webp","MAYAN-5.webp","idx 6 -> 5"
"mayan-la-casa-de-los-guerrero","https://azure-seal-918691.hostingersite.com/wp-content/uploads/2025/10/MAYAN-7.webp","MAYAN-6.webp","idx 7 -> 6"
"mayan-la-casa-de-los-guerrero","https://azure-seal-918691.hostingersite.com/wp-content/uploads/2025/10/MAYAN-8.webp","MAYAN-7.webp","idx 8 -> 7"
"mayan-la-casa-de-los-guerrero","https://azure-seal-918691.hostingersite.com/wp-content/uploads/2025/10/MAYAN-9.webp","MAYAN-8.webp","idx 9 -> 8"
"mayan-la-casa-de-los-guerrero","https://azure-seal-918691.hostingersite.com/wp-content/uploads/2025/10/MAYAN-10.webp","MAYAN-9.webp","idx 10 -> 9"
"mayan-la-casa-de-los-guerrero","https://azure-seal-918691.hostingersite.com/wp-content/uploads/2025/10/MAYAN-11.webp","MAYAN-10.webp","idx 11 -> 10"
"mayan-la-casa-de-los-guerrero","https://azure-seal-918691.hostingersite.com/wp-content/uploads/2025/10/MAYAN-12.webp","MAYAN-11.webp","idx 12 -> 11"
"marina-mar-de-tapas-un-oasis-maritimo-en-santiago","https://azure-seal-918691.hostingersite.com/wp-content/uploads/2025/10/MARINA-2.webp","MARINA-1.webp","idx 2 -> 1"
"marina-mar-de-tapas-un-oasis-maritimo-en-santiago","https://azure-seal-918691.hostingersite.com/wp-content/uploads/2025/10/MARINA-3.webp","MARINA-2.webp","idx 3 -> 2"
"marina-mar-de-tapas-un-oasis-maritimo-en-santiago","https://azure-seal-918691.hostingersite.com/wp-content/uploads/2025/10/MARINA-4.webp","MARINA-3.webp","idx 4 -> 3"
"marina-mar-de-tapas-un-oasis-maritimo-en-santiago","https://azure-seal-918691.hostingersite.com/wp-content/uploads/2025/10/MARINA-5.webp","MARINA-4.webp","idx 5 -> 4"
"liguria-lastarria-la-filosofia-cicali","https://azure-seal-918691.hostingersite.com/wp-content/uploads/2025/10/LIGURIA-LASTARRIA-2.webp","LIGURIA-LASTARRIA-1.webp","idx 2 -> 1"
"liguria-lastarria-la-filosofia-cicali","https://azure-seal-918691.hostingersite.com/wp-content/uploads/2025/10/LIGURIA-LASTARRIA-3.webp","LIGURIA-LASTARRIA-2.webp","idx 3 -> 2"
"liguria-lastarria-la-filosofia-cicali","https://azure-seal-918691.hostingersite.com/wp-content/uploads/2025/10/LIGURIA-LASTARRIA-4.webp","LIGURIA-LASTARRIA-3.webp","idx 4 -> 3"
"liguria-lastarria-la-filosofia-cicali","https://azure-seal-918691.hostingersite.com/wp-content/uploads/2025/10/LIGURIA-LASTARRIA-5.webp","LIGURIA-LASTARRIA-4.webp","idx 5 -> 4"
"bar-la-providencia-un-viaje-a-la-memoria-emotiva","https://azure-seal-918691.hostingersite.com/wp-content/uploads/2025/10/LA-PROVIDENCIA-2.webp","LA-PROVIDENCIA-1.webp","idx 2 -> 1"
"bar-la-providencia-un-viaje-a-la-memoria-emotiva","https://azure-seal-918691.hostingersite.com/wp-content/uploads/2025/10/LA-PROVIDENCIA-3.webp","LA-PROVIDENCIA-2.webp","idx 3 -> 2"
"bar-la-providencia-un-viaje-a-la-memoria-emotiva","https://azure-seal-918691.hostingersite.com/wp-content/uploads/2025/10/LA-PROVIDENCIA-4.webp","LA-PROVIDENCIA-3.webp","idx 4 -> 3"
"bar-la-providencia-un-viaje-a-la-memoria-emotiva","https://azure-seal-918691.hostingersite.com/wp-content/uploads/2025/10/LA-PROVIDENCIA-5.webp","LA-PROVIDENCIA-4.webp","idx 5 -> 4"
"bar-la-providencia-un-viaje-a-la-memoria-emotiva","https://azure-seal-918691.hostingersite.com/wp-content/uploads/2025/10/LA-PROVIDENCIA-6.webp","LA-PROVIDENCIA-5.webp","idx 6 -> 5"
"bar-la-providencia-un-viaje-a-la-memoria-emotiva","https://azure-seal-918691.hostingersite.com/wp-content/uploads/2025/10/LA-PROVIDENCIA-7.webp","LA-PROVIDENCIA-6.webp","idx 7 -> 6"
"bar-la-providencia-un-viaje-a-la-memoria-emotiva","https://azure-seal-918691.hostingersite.com/wp-content/uploads/2025/10/LA-PROVIDENCIA-8.webp","LA-PROVIDENCIA-7.webp","idx 8 -> 7"
"la-mesa-el-lugar-para-compartir","https://azure-seal-918691.hostingersite.com/wp-content/uploads/2025/10/LA-MESA-2.webp","LA-MESA-1.webp","idx 2 -> 1"
"la-mesa-el-lugar-para-compartir","https://azure-seal-918691.hostingersite.com/wp-content/uploads/2025/10/LA-MESA-3.webp","LA-MESA-2.webp","idx 3 -> 2"
"la-mesa-el-lugar-para-compartir","https://azure-seal-918691.hostingersite.com/wp-content/uploads/2025/10/LA-MESA-4.webp","LA-MESA-3.webp","idx 4 -> 3"
"la-mesa-el-lugar-para-compartir","https://azure-seal-918691.hostingersite.com/wp-content/uploads/2025/10/LA-MESA-5.webp","LA-MESA-4.webp","idx 5 -> 4"
"la-dicha-refugio-del-goce-y-la-alegria","https://azure-seal-918691.hostingersite.com/wp-content/uploads/2025/10/LA-DICHA-2.webp","LA-DICHA-1.webp","idx 2 -> 1"
"la-dicha-refugio-del-goce-y-la-alegria","https://azure-seal-918691.hostingersite.com/wp-content/uploads/2025/10/LA-DICHA-3.webp","LA-DICHA-2.webp","idx 3 -> 2"
"la-dicha-refugio-del-goce-y-la-alegria","https://azure-seal-918691.hostingersite.com/wp-content/uploads/2025/10/LA-DICHA-4.webp","LA-DICHA-3.webp","idx 4 -> 3"
"la-dicha-refugio-del-goce-y-la-alegria","https://azure-seal-918691.hostingersite.com/wp-content/uploads/2025/10/LA-DICHA-5.webp","LA-DICHA-4.webp","idx 5 -> 4"
"la-dicha-refugio-del-goce-y-la-alegria","https://azure-seal-918691.hostingersite.com/wp-content/uploads/2025/10/LA-DICHA-6.webp","LA-DICHA-5.webp","idx 6 -> 5"
"la-dicha-refugio-del-goce-y-la-alegria","https://azure-seal-918691.hostingersite.com/wp-content/uploads/2025/10/LA-DICHA-7.webp","LA-DICHA-6.webp","idx 7 -> 6"
"__trashed","https://azure-seal-918691.hostingersite.com/wp-content/uploads/2025/10/KILU-2.webp","KILU-1.webp","idx 2 -> 1"
"__trashed","https://azure-seal-918691.hostingersite.com/wp-content/uploads/2025/10/KILU-3.webp","KILU-2.webp","idx 3 -> 2"
"__trashed","https://azure-seal-918691.hostingersite.com/wp-content/uploads/2025/10/KILU-4.webp","KILU-3.webp","idx 4 -> 3"
"__trashed","https://azure-seal-918691.hostingersite.com/wp-content/uploads/2025/10/KILU-5.webp","KILU-4.webp","idx 5 -> 4"
"__trashed","https://azure-seal-918691.hostingersite.com/wp-content/uploads/2025/10/KILU-6.webp","KILU-5.webp","idx 6 -> 5"
"karai-el-sello-del-mejor-del-mundo","https://azure-seal-918691.hostingersite.com/wp-content/uploads/2025/10/KARAI-2.webp","KARAI-1.webp","idx 2 -> 1"
"karai-el-sello-del-mejor-del-mundo","https://azure-seal-918691.hostingersite.com/wp-content/uploads/2025/10/KARAI-3.webp","KARAI-2.webp","idx 3 -> 2"
"karai-el-sello-del-mejor-del-mundo","https://azure-seal-918691.hostingersite.com/wp-content/uploads/2025/10/KARAI-4.webp","KARAI-3.webp","idx 4 -> 3"
"karai-el-sello-del-mejor-del-mundo","https://azure-seal-918691.hostingersite.com/wp-content/uploads/2025/10/KARAI-5.webp","KARAI-4.webp","idx 5 -> 4"
"karai-el-sello-del-mejor-del-mundo","https://azure-seal-918691.hostingersite.com/wp-content/uploads/2025/10/KARAI-6.webp","KARAI-5.webp","idx 6 -> 5"
"karai-el-sello-del-mejor-del-mundo","https://azure-seal-918691.hostingersite.com/wp-content/uploads/2025/10/KARAI-7.webp","KARAI-6.webp","idx 7 -> 6"
"karai-el-sello-del-mejor-del-mundo","https://azure-seal-918691.hostingersite.com/wp-content/uploads/2025/10/KARAI-8.webp","KARAI-7.webp","idx 8 -> 7"
"karai-el-sello-del-mejor-del-mundo","https://azure-seal-918691.hostingersite.com/wp-content/uploads/2025/10/KARAI-9.webp","KARAI-8.webp","idx 9 -> 8"
"karai-el-sello-del-mejor-del-mundo","https://azure-seal-918691.hostingersite.com/wp-content/uploads/2025/10/KARAI-10.webp","KARAI-9.webp","idx 10 -> 9"
"karai-el-sello-del-mejor-del-mundo","https://azure-seal-918691.hostingersite.com/wp-content/uploads/2025/10/KARAI-11.webp","KARAI-10.webp","idx 11 -> 10"
"karai-el-sello-del-mejor-del-mundo","https://azure-seal-918691.hostingersite.com/wp-content/uploads/2025/10/KARAI-12.webp","KARAI-11.webp","idx 12 -> 11"
"karai-el-sello-del-mejor-del-mundo","https://azure-seal-918691.hostingersite.com/wp-content/uploads/2025/10/KARAI-13.webp","KARAI-12.webp","idx 13 -> 12"
"jose-ramon-277-oda-a-lo-mas-sabroso-de-chile","https://azure-seal-918691.hostingersite.com/wp-content/uploads/2025/10/JOSE-RAMON-2-1.webp","JOSE-RAMON-2-2.webp","idx 1 -> 2"
"jose-ramon-277-oda-a-lo-mas-sabroso-de-chile","https://azure-seal-918691.hostingersite.com/wp-content/uploads/2025/10/JOSE-RAMON-3-1.webp","JOSE-RAMON-3-3.webp","idx 1 -> 3"
"jose-ramon-277-oda-a-lo-mas-sabroso-de-chile","https://azure-seal-918691.hostingersite.com/wp-content/uploads/2025/10/JOSE-RAMON-2.webp","JOSE-RAMON-4.webp","idx 2 -> 4"
"jose-ramon-277-oda-a-lo-mas-sabroso-de-chile","https://azure-seal-918691.hostingersite.com/wp-content/uploads/2025/10/JOSE-RAMON-3.webp","JOSE-RAMON-5.webp","idx 3 -> 5"
"jose-ramon-277-oda-a-lo-mas-sabroso-de-chile","https://azure-seal-918691.hostingersite.com/wp-content/uploads/2025/10/JOSE-RAMON-4.webp","JOSE-RAMON-6.webp","idx 4 -> 6"
"jose-ramon-277-oda-a-lo-mas-sabroso-de-chile","https://azure-seal-918691.hostingersite.com/wp-content/uploads/2025/10/JOSE-RAMON-5.webp","JOSE-RAMON-7.webp","idx 5 -> 7"
"jose-ramon-277-oda-a-lo-mas-sabroso-de-chile","https://azure-seal-918691.hostingersite.com/wp-content/uploads/2025/10/JOSE-RAMON-6.webp","JOSE-RAMON-8.webp","idx 6 -> 8"
"jose-ramon-277-oda-a-lo-mas-sabroso-de-chile","https://azure-seal-918691.hostingersite.com/wp-content/uploads/2025/10/JOSE-RAMON-7.webp","JOSE-RAMON-9.webp","idx 7 -> 9"
"fukasawa-esencia-japonesa","https://azure-seal-918691.hostingersite.com/wp-content/uploads/2025/10/FUKASAW-2.webp","FUKASAW-1.webp","idx 2 -> 1"
"fukasawa-esencia-japonesa","https://azure-seal-918691.hostingersite.com/wp-content/uploads/2025/10/FUKASAW-3.webp","FUKASAW-2.webp","idx 3 -> 2"
"fukasawa-esencia-japonesa","https://azure-seal-918691.hostingersite.com/wp-content/uploads/2025/10/FUKASAW-4.webp","FUKASAW-3.webp","idx 4 -> 3"
"fukasawa-esencia-japonesa","https://azure-seal-918691.hostingersite.com/wp-content/uploads/2025/10/FUKASAW-5.webp","FUKASAW-4.webp","idx 5 -> 4"
"fukasawa-esencia-japonesa","https://azure-seal-918691.hostingersite.com/wp-content/uploads/2025/10/FUKASAW-6.webp","FUKASAW-5.webp","idx 6 -> 5"
"fukasawa-esencia-japonesa","https://azure-seal-918691.hostingersite.com/wp-content/uploads/2025/10/FUKASAW-7.webp","FUKASAW-6.webp","idx 7 -> 6"
"flama-la-pizza-que-desafia-lo-clasico","https://azure-seal-918691.hostingersite.com/wp-content/uploads/2025/10/FLAMA-2.webp","FLAMA-1.webp","idx 2 -> 1"
"flama-la-pizza-que-desafia-lo-clasico","https://azure-seal-918691.hostingersite.com/wp-content/uploads/2025/10/FLAMA-3.webp","FLAMA-2.webp","idx 3 -> 2"
"flama-la-pizza-que-desafia-lo-clasico","https://azure-seal-918691.hostingersite.com/wp-content/uploads/2025/10/FLAMA-4.webp","FLAMA-3.webp","idx 4 -> 3"
"flama-la-pizza-que-desafia-lo-clasico","https://azure-seal-918691.hostingersite.com/wp-content/uploads/2025/10/FLAMA-5.webp","FLAMA-4.webp","idx 5 -> 4"
"flama-la-pizza-que-desafia-lo-clasico","https://azure-seal-918691.hostingersite.com/wp-content/uploads/2025/10/FLAMA-6.webp","FLAMA-5.webp","idx 6 -> 5"
"flama-la-pizza-que-desafia-lo-clasico","https://azure-seal-918691.hostingersite.com/wp-content/uploads/2025/10/FLAMA-7.webp","FLAMA-6.webp","idx 7 -> 6"
"bar-enigma-misterios-relato-y-cocteleria-de-autor","https://azure-seal-918691.hostingersite.com/wp-content/uploads/2025/10/ENIGMA-2.webp","ENIGMA-1.webp","idx 2 -> 1"
"bar-enigma-misterios-relato-y-cocteleria-de-autor","https://azure-seal-918691.hostingersite.com/wp-content/uploads/2025/10/ENIGMA-3.webp","ENIGMA-2.webp","idx 3 -> 2"
"bar-enigma-misterios-relato-y-cocteleria-de-autor","https://azure-seal-918691.hostingersite.com/wp-content/uploads/2025/10/ENIGMA-4.webp","ENIGMA-3.webp","idx 4 -> 3"
"bar-enigma-misterios-relato-y-cocteleria-de-autor","https://azure-seal-918691.hostingersite.com/wp-content/uploads/2025/10/ENIGMA-5.webp","ENIGMA-4.webp","idx 5 -> 4"
"bar-enigma-misterios-relato-y-cocteleria-de-autor","https://azure-seal-918691.hostingersite.com/wp-content/uploads/2025/10/ENIGMA-6.webp","ENIGMA-5.webp","idx 6 -> 5"
"el-rey-fuente-de-soda-chilena-con-toques-de-bistro-frances","https://azure-seal-918691.hostingersite.com/wp-content/uploads/2025/10/EL-REY-2.webp","EL-REY-1.webp","idx 2 -> 1"
"el-rey-fuente-de-soda-chilena-con-toques-de-bistro-frances","https://azure-seal-918691.hostingersite.com/wp-content/uploads/2025/10/EL-REY-3.webp","EL-REY-2.webp","idx 3 -> 2"
"el-rey-fuente-de-soda-chilena-con-toques-de-bistro-frances","https://azure-seal-918691.hostingersite.com/wp-content/uploads/2025/10/EL-REY-4.webp","EL-REY-3.webp","idx 4 -> 3"
"el-rey-fuente-de-soda-chilena-con-toques-de-bistro-frances","https://azure-seal-918691.hostingersite.com/wp-content/uploads/2025/10/EL-REY-5.webp","EL-REY-4.webp","idx 5 -> 4"
"el-rey-fuente-de-soda-chilena-con-toques-de-bistro-frances","https://azure-seal-918691.hostingersite.com/wp-content/uploads/2025/10/EL-REY-6.webp","EL-REY-5.webp","idx 6 -> 5"
"el-rey-fuente-de-soda-chilena-con-toques-de-bistro-frances","https://azure-seal-918691.hostingersite.com/wp-content/uploads/2025/10/EL-REY-7.webp","EL-REY-6.webp","idx 7 -> 6"
"el-huerto-pionero-de-lo-organico-y-saludable","https://azure-seal-918691.hostingersite.com/wp-content/uploads/2025/10/EL-HUERTO-2.webp","EL-HUERTO-1.webp","idx 2 -> 1"
"el-huerto-pionero-de-lo-organico-y-saludable","https://azure-seal-918691.hostingersite.com/wp-content/uploads/2025/10/EL-HUERTO-3.webp","EL-HUERTO-2.webp","idx 3 -> 2"
"el-huerto-pionero-de-lo-organico-y-saludable","https://azure-seal-918691.hostingersite.com/wp-content/uploads/2025/10/EL-HUERTO-4.webp","EL-HUERTO-3.webp","idx 4 -> 3"
"dona-paula-experiencia-enoturistica","https://azure-seal-918691.hostingersite.com/wp-content/uploads/2025/10/DONA-PAULA-2.webp","DONA-PAULA-1.webp","idx 2 -> 1"
"dona-paula-experiencia-enoturistica","https://azure-seal-918691.hostingersite.com/wp-content/uploads/2025/10/DONA-PAULA-3.webp","DONA-PAULA-2.webp","idx 3 -> 2"
"dona-paula-experiencia-enoturistica","https://azure-seal-918691.hostingersite.com/wp-content/uploads/2025/10/DONA-PAULA-4.webp","DONA-PAULA-3.webp","idx 4 -> 3"
"dona-paula-experiencia-enoturistica","https://azure-seal-918691.hostingersite.com/wp-content/uploads/2025/10/DONA-PAULA-5.webp","DONA-PAULA-4.webp","idx 5 -> 4"
"dona-paula-experiencia-enoturistica","https://azure-seal-918691.hostingersite.com/wp-content/uploads/2025/10/DONA-PAULA-6.webp","DONA-PAULA-5.webp","idx 6 -> 5"
"dona-paula-experiencia-enoturistica","https://azure-seal-918691.hostingersite.com/wp-content/uploads/2025/10/DONA-PAULA-7.webp","DONA-PAULA-6.webp","idx 7 -> 6"
"diablo-vino-y-fuego-pacto-entre-expertos","https://azure-seal-918691.hostingersite.com/wp-content/uploads/2025/10/DIABLO-2.webp","DIABLO-1.webp","idx 2 -> 1"
"diablo-vino-y-fuego-pacto-entre-expertos","https://azure-seal-918691.hostingersite.com/wp-content/uploads/2025/10/DIABLO-3.webp","DIABLO-2.webp","idx 3 -> 2"
"diablo-vino-y-fuego-pacto-entre-expertos","https://azure-seal-918691.hostingersite.com/wp-content/uploads/2025/10/DIABLO-4.webp","DIABLO-3.webp","idx 4 -> 3"
"diablo-vino-y-fuego-pacto-entre-expertos","https://azure-seal-918691.hostingersite.com/wp-content/uploads/2025/10/DIABLO-5.webp","DIABLO-4.webp","idx 5 -> 4"
"diablo-vino-y-fuego-pacto-entre-expertos","https://azure-seal-918691.hostingersite.com/wp-content/uploads/2025/10/DIABLO-6.webp","DIABLO-5.webp","idx 6 -> 5"
"diablo-vino-y-fuego-pacto-entre-expertos","https://azure-seal-918691.hostingersite.com/wp-content/uploads/2025/10/DIABLO-7.webp","DIABLO-6.webp","idx 7 -> 6"
"diablo-vino-y-fuego-pacto-entre-expertos","https://azure-seal-918691.hostingersite.com/wp-content/uploads/2025/10/DIABLO-8.webp","DIABLO-7.webp","idx 8 -> 7"
"diablo-vino-y-fuego-pacto-entre-expertos","https://azure-seal-918691.hostingersite.com/wp-content/uploads/2025/10/DIABLO-9.webp","DIABLO-8.webp","idx 9 -> 8"
"demo-magnolia-honestidad-refrescante","https://azure-seal-918691.hostingersite.com/wp-content/uploads/2025/10/DEMO-MAGNOLIA-2.webp","DEMO-MAGNOLIA-1.webp","idx 2 -> 1"
"demo-magnolia-honestidad-refrescante","https://azure-seal-918691.hostingersite.com/wp-content/uploads/2025/10/DEMO-MAGNOLIA-3.webp","DEMO-MAGNOLIA-2.webp","idx 3 -> 2"
"demo-magnolia-honestidad-refrescante","https://azure-seal-918691.hostingersite.com/wp-content/uploads/2025/10/DEMO-MAGNOLIA-4.webp","DEMO-MAGNOLIA-3.webp","idx 4 -> 3"
"demencia-un-espectaculo-gastronomico","https://azure-seal-918691.hostingersite.com/wp-content/uploads/2025/10/DEMENCIA-2.webp","DEMENCIA-1.webp","idx 2 -> 1"
"demencia-un-espectaculo-gastronomico","https://azure-seal-918691.hostingersite.com/wp-content/uploads/2025/10/DEMENCIA-3.webp","DEMENCIA-2.webp","idx 3 -> 2"
"demencia-un-espectaculo-gastronomico","https://azure-seal-918691.hostingersite.com/wp-content/uploads/2025/10/DEMENCIA-4.webp","DEMENCIA-3.webp","idx 4 -> 3"
"demencia-un-espectaculo-gastronomico","https://azure-seal-918691.hostingersite.com/wp-content/uploads/2025/10/DEMENCIA-5.webp","DEMENCIA-4.webp","idx 5 -> 4"
"demencia-un-espectaculo-gastronomico","https://azure-seal-918691.hostingersite.com/wp-content/uploads/2025/10/DEMENCIA-6.webp","DEMENCIA-5.webp","idx 6 -> 5"
"demencia-un-espectaculo-gastronomico","https://azure-seal-918691.hostingersite.com/wp-content/uploads/2025/10/DEMENCIA-7.webp","DEMENCIA-6.webp","idx 7 -> 6"
"demencia-un-espectaculo-gastronomico","https://azure-seal-918691.hostingersite.com/wp-content/uploads/2025/10/DEMENCIA-8.webp","DEMENCIA-7.webp","idx 8 -> 7"
"demencia-un-espectaculo-gastronomico","https://azure-seal-918691.hostingersite.com/wp-content/uploads/2025/10/DEMENCIA-9.webp","DEMENCIA-8.webp","idx 9 -> 8"
"demencia-un-espectaculo-gastronomico","https://azure-seal-918691.hostingersite.com/wp-content/uploads/2025/10/DEMENCIA-10.webp","DEMENCIA-9.webp","idx 10 -> 9"
"demencia-un-espectaculo-gastronomico","https://azure-seal-918691.hostingersite.com/wp-content/uploads/2025/10/DEMENCIA-11.webp","DEMENCIA-10.webp","idx 11 -> 10"
"cora-bistro-oda-a-la-cocina-chilena","https://azure-seal-918691.hostingersite.com/wp-content/uploads/2025/10/CORA-BISTRO-2.webp","CORA-BISTRO-1.webp","idx 2 -> 1"
"cora-bistro-oda-a-la-cocina-chilena","https://azure-seal-918691.hostingersite.com/wp-content/uploads/2025/10/CORA-BISTRO-3.webp","CORA-BISTRO-2.webp","idx 3 -> 2"
"cora-bistro-oda-a-la-cocina-chilena","https://azure-seal-918691.hostingersite.com/wp-content/uploads/2025/10/CORA-BISTRO-4.webp","CORA-BISTRO-3.webp","idx 4 -> 3"
"cora-bistro-oda-a-la-cocina-chilena","https://azure-seal-918691.hostingersite.com/wp-content/uploads/2025/10/CORA-BISTRO-5.webp","CORA-BISTRO-4.webp","idx 5 -> 4"
"cora-bistro-oda-a-la-cocina-chilena","https://azure-seal-918691.hostingersite.com/wp-content/uploads/2025/10/CORA-BISTRO-6.webp","CORA-BISTRO-5.webp","idx 6 -> 5"
"cora-bistro-oda-a-la-cocina-chilena","https://azure-seal-918691.hostingersite.com/wp-content/uploads/2025/10/CORA-BISTRO-7.webp","CORA-BISTRO-6.webp","idx 7 -> 6"
"cora-bistro-oda-a-la-cocina-chilena","https://azure-seal-918691.hostingersite.com/wp-content/uploads/2025/10/CORA-BISTRO-8.webp","CORA-BISTRO-7.webp","idx 8 -> 7"
"copper-room-y-gran-cafe-hotel-debaines-homenajes-necesarios","https://azure-seal-918691.hostingersite.com/wp-content/uploads/2025/10/COPPER-2.webp","COPPER-1.webp","idx 2 -> 1"
"copper-room-y-gran-cafe-hotel-debaines-homenajes-necesarios","https://azure-seal-918691.hostingersite.com/wp-content/uploads/2025/10/COPPER-3.webp","COPPER-2.webp","idx 3 -> 2"
"copper-room-y-gran-cafe-hotel-debaines-homenajes-necesarios","https://azure-seal-918691.hostingersite.com/wp-content/uploads/2025/10/COPPER-4.webp","COPPER-3.webp","idx 4 -> 3"
"copper-room-y-gran-cafe-hotel-debaines-homenajes-necesarios","https://azure-seal-918691.hostingersite.com/wp-content/uploads/2025/10/COPPER-5.webp","COPPER-4.webp","idx 5 -> 4"
"copper-room-y-gran-cafe-hotel-debaines-homenajes-necesarios","https://azure-seal-918691.hostingersite.com/wp-content/uploads/2025/10/COPPER-6.webp","COPPER-5.webp","idx 6 -> 5"
"copper-room-y-gran-cafe-hotel-debaines-homenajes-necesarios","https://azure-seal-918691.hostingersite.com/wp-content/uploads/2025/10/COPPER-7.webp","COPPER-6.webp","idx 7 -> 6"
"copper-room-y-gran-cafe-hotel-debaines-homenajes-necesarios","https://azure-seal-918691.hostingersite.com/wp-content/uploads/2025/10/COPPER-8.webp","COPPER-7.webp","idx 8 -> 7"
"conserbar-el-arte-de-la-restauracion-y-la-cocteleria","https://azure-seal-918691.hostingersite.com/wp-content/uploads/2025/10/CONSERBAR-2.webp","CONSERBAR-1.webp","idx 2 -> 1"
"conserbar-el-arte-de-la-restauracion-y-la-cocteleria","https://azure-seal-918691.hostingersite.com/wp-content/uploads/2025/10/CONSERBAR-3.webp","CONSERBAR-2.webp","idx 3 -> 2"
"conserbar-el-arte-de-la-restauracion-y-la-cocteleria","https://azure-seal-918691.hostingersite.com/wp-content/uploads/2025/10/CONSERBAR-4.webp","CONSERBAR-3.webp","idx 4 -> 3"
"conserbar-el-arte-de-la-restauracion-y-la-cocteleria","https://azure-seal-918691.hostingersite.com/wp-content/uploads/2025/10/CONSERBAR-5.webp","CONSERBAR-4.webp","idx 5 -> 4"
"conserbar-el-arte-de-la-restauracion-y-la-cocteleria","https://azure-seal-918691.hostingersite.com/wp-content/uploads/2025/10/CONSERBAR-6.webp","CONSERBAR-5.webp","idx 6 -> 5"
"conserbar-el-arte-de-la-restauracion-y-la-cocteleria","https://azure-seal-918691.hostingersite.com/wp-content/uploads/2025/10/CONSERBAR-7.webp","CONSERBAR-6.webp","idx 7 -> 6"
"conserbar-el-arte-de-la-restauracion-y-la-cocteleria","https://azure-seal-918691.hostingersite.com/wp-content/uploads/2025/10/CONSERBAR-8.webp","CONSERBAR-7.webp","idx 8 -> 7"
"citadelle-el-bar-del-barrio","https://azure-seal-918691.hostingersite.com/wp-content/uploads/2025/10/CITADELLE-2.webp","CITADELLE-1.webp","idx 2 -> 1"
"citadelle-el-bar-del-barrio","https://azure-seal-918691.hostingersite.com/wp-content/uploads/2025/10/CITADELLE-3.webp","CITADELLE-2.webp","idx 3 -> 2"
"citadelle-el-bar-del-barrio","https://azure-seal-918691.hostingersite.com/wp-content/uploads/2025/10/CITADELLE-4.webp","CITADELLE-3.webp","idx 4 -> 3"
"citadelle-el-bar-del-barrio","https://azure-seal-918691.hostingersite.com/wp-content/uploads/2025/10/CITADELLE-5.webp","CITADELLE-4.webp","idx 5 -> 4"
"citadelle-el-bar-del-barrio","https://azure-seal-918691.hostingersite.com/wp-content/uploads/2025/10/CITADELLE-6.webp","CITADELLE-5.webp","idx 6 -> 5"
"ceiba-rooftop-bar-sabores-amazonicos","https://azure-seal-918691.hostingersite.com/wp-content/uploads/2025/10/CEIBA-2.webp","CEIBA-1.webp","idx 2 -> 1"
"ceiba-rooftop-bar-sabores-amazonicos","https://azure-seal-918691.hostingersite.com/wp-content/uploads/2025/10/CEIBA-3.webp","CEIBA-2.webp","idx 3 -> 2"
"ceiba-rooftop-bar-sabores-amazonicos","https://azure-seal-918691.hostingersite.com/wp-content/uploads/2025/10/CEIBA-4.webp","CEIBA-3.webp","idx 4 -> 3"
"ceiba-rooftop-bar-sabores-amazonicos","https://azure-seal-918691.hostingersite.com/wp-content/uploads/2025/10/CEIBA-5.webp","CEIBA-4.webp","idx 5 -> 4"
"ceiba-rooftop-bar-sabores-amazonicos","https://azure-seal-918691.hostingersite.com/wp-content/uploads/2025/10/CEIBA-6.webp","CEIBA-5.webp","idx 6 -> 5"
"cassis-alma-de-refugio","https://azure-seal-918691.hostingersite.com/wp-content/uploads/2025/10/CASSIS-2.webp","CASSIS-1.webp","idx 2 -> 1"
"cassis-alma-de-refugio","https://azure-seal-918691.hostingersite.com/wp-content/uploads/2025/10/CASSIS-3.webp","CASSIS-2.webp","idx 3 -> 2"
"cassis-alma-de-refugio","https://azure-seal-918691.hostingersite.com/wp-content/uploads/2025/10/CASSIS-4.webp","CASSIS-3.webp","idx 4 -> 3"
"cassis-alma-de-refugio","https://azure-seal-918691.hostingersite.com/wp-content/uploads/2025/10/CASSIS-5.webp","CASSIS-4.webp","idx 5 -> 4"
"cassis-alma-de-refugio","https://azure-seal-918691.hostingersite.com/wp-content/uploads/2025/10/CASSIS-6.webp","CASSIS-5.webp","idx 6 -> 5"
"cassis-alma-de-refugio","https://azure-seal-918691.hostingersite.com/wp-content/uploads/2025/10/CASSIS-7.webp","CASSIS-6.webp","idx 7 -> 6"
"cassis-alma-de-refugio","https://azure-seal-918691.hostingersite.com/wp-content/uploads/2025/10/CASSIS-8.webp","CASSIS-7.webp","idx 8 -> 7"
"cassis-alma-de-refugio","https://azure-seal-918691.hostingersite.com/wp-content/uploads/2025/10/CASSIS-9.webp","CASSIS-8.webp","idx 9 -> 8"
"cassis-alma-de-refugio","https://azure-seal-918691.hostingersite.com/wp-content/uploads/2025/10/CASSIS-10.webp","CASSIS-9.webp","idx 10 -> 9"
"casa-lastarria-nobleza-arquitectonica","https://azure-seal-918691.hostingersite.com/wp-content/uploads/2025/10/CASA-LASTARRIA-2.webp","CASA-LASTARRIA-1.webp","idx 2 -> 1"
"casa-lastarria-nobleza-arquitectonica","https://azure-seal-918691.hostingersite.com/wp-content/uploads/2025/10/CASA-LASTARRIA-3.webp","CASA-LASTARRIA-2.webp","idx 3 -> 2"
"casa-lastarria-nobleza-arquitectonica","https://azure-seal-918691.hostingersite.com/wp-content/uploads/2025/10/CASA-LASTARRIA-4.webp","CASA-LASTARRIA-3.webp","idx 4 -> 3"
"casa-lastarria-nobleza-arquitectonica","https://azure-seal-918691.hostingersite.com/wp-content/uploads/2025/10/CASA-LASTARRIA-5.webp","CASA-LASTARRIA-4.webp","idx 5 -> 4"
"casa-lastarria-nobleza-arquitectonica","https://azure-seal-918691.hostingersite.com/wp-content/uploads/2025/10/CASA-LASTARRIA-6.webp","CASA-LASTARRIA-5.webp","idx 6 -> 5"
"casa-lastarria-nobleza-arquitectonica","https://azure-seal-918691.hostingersite.com/wp-content/uploads/2025/10/CASA-LASTARRIA-7.webp","CASA-LASTARRIA-6.webp","idx 7 -> 6"
"casa-lastarria-nobleza-arquitectonica","https://azure-seal-918691.hostingersite.com/wp-content/uploads/2025/10/CASA-LASTARRIA-8.webp","CASA-LASTARRIA-7.webp","idx 8 -> 7"
"casa-lastarria-nobleza-arquitectonica","https://azure-seal-918691.hostingersite.com/wp-content/uploads/2025/10/CASA-LASTARRIA-9.webp","CASA-LASTARRIA-8.webp","idx 9 -> 8"
"casa-lastarria-nobleza-arquitectonica","https://azure-seal-918691.hostingersite.com/wp-content/uploads/2025/10/CASA-LASTARRIA-10.webp","CASA-LASTARRIA-9.webp","idx 10 -> 9"
"casa-lastarria-nobleza-arquitectonica","https://azure-seal-918691.hostingersite.com/wp-content/uploads/2025/10/CASA-LASTARRIA-11.webp","CASA-LASTARRIA-10.webp","idx 11 -> 10"
"capogrossi-tradicion-con-innovacion","https://azure-seal-918691.hostingersite.com/wp-content/uploads/2025/10/CAPOGROSSI-2.webp","CAPOGROSSI-1.webp","idx 2 -> 1"
"capogrossi-tradicion-con-innovacion","https://azure-seal-918691.hostingersite.com/wp-content/uploads/2025/10/CAPOGROSSI-3.webp","CAPOGROSSI-2.webp","idx 3 -> 2"
"capogrossi-tradicion-con-innovacion","https://azure-seal-918691.hostingersite.com/wp-content/uploads/2025/10/CAPOGROSSI-4.webp","CAPOGROSSI-3.webp","idx 4 -> 3"
"capogrossi-tradicion-con-innovacion","https://azure-seal-918691.hostingersite.com/wp-content/uploads/2025/10/CAPOGROSSI-5.webp","CAPOGROSSI-4.webp","idx 5 -> 4"
"capogrossi-tradicion-con-innovacion","https://azure-seal-918691.hostingersite.com/wp-content/uploads/2025/10/CAPOGROSSI-6.webp","CAPOGROSSI-5.webp","idx 6 -> 5"
"capogrossi-tradicion-con-innovacion","https://azure-seal-918691.hostingersite.com/wp-content/uploads/2025/10/CAPOGROSSI-7.webp","CAPOGROSSI-6.webp","idx 7 -> 6"
"capogrossi-tradicion-con-innovacion","https://azure-seal-918691.hostingersite.com/wp-content/uploads/2025/10/CAPOGROSSI-8.webp","CAPOGROSSI-7.webp","idx 8 -> 7"
"capogrossi-tradicion-con-innovacion","https://azure-seal-918691.hostingersite.com/wp-content/uploads/2025/10/CAPOGROSSI-9.webp","CAPOGROSSI-8.webp","idx 9 -> 8"
"capogrossi-tradicion-con-innovacion","https://azure-seal-918691.hostingersite.com/wp-content/uploads/2025/10/CAPOGROSSI-10.webp","CAPOGROSSI-9.webp","idx 10 -> 9"
"borago-un-viaje-a-la-esencia-de-chile","https://azure-seal-918691.hostingersite.com/wp-content/uploads/2025/10/BORAGO-2.webp","BORAGO-1.webp","idx 2 -> 1"
"borago-un-viaje-a-la-esencia-de-chile","https://azure-seal-918691.hostingersite.com/wp-content/uploads/2025/10/BORAGO-3.webp","BORAGO-2.webp","idx 3 -> 2"
"borago-un-viaje-a-la-esencia-de-chile","https://azure-seal-918691.hostingersite.com/wp-content/uploads/2025/10/BORAGO-4.webp","BORAGO-3.webp","idx 4 -> 3"
"borago-un-viaje-a-la-esencia-de-chile","https://azure-seal-918691.hostingersite.com/wp-content/uploads/2025/10/BORAGO-5.webp","BORAGO-4.webp","idx 5 -> 4"
"borago-un-viaje-a-la-esencia-de-chile","https://azure-seal-918691.hostingersite.com/wp-content/uploads/2025/10/BORAGO-6.webp","BORAGO-5.webp","idx 6 -> 5"
"bocanariz-la-vitrina-del-vino-chileno","https://azure-seal-918691.hostingersite.com/wp-content/uploads/2025/10/BOCANARIZ-2.webp","BOCANARIZ-1.webp","idx 2 -> 1"
"bocanariz-la-vitrina-del-vino-chileno","https://azure-seal-918691.hostingersite.com/wp-content/uploads/2025/10/BOCANARIZ-3.webp","BOCANARIZ-2.webp","idx 3 -> 2"
"bocanariz-la-vitrina-del-vino-chileno","https://azure-seal-918691.hostingersite.com/wp-content/uploads/2025/10/BOCANARIZ-4.webp","BOCANARIZ-3.webp","idx 4 -> 3"
"bocanariz-la-vitrina-del-vino-chileno","https://azure-seal-918691.hostingersite.com/wp-content/uploads/2025/10/BOCANARIZ-5.webp","BOCANARIZ-4.webp","idx 5 -> 4"
"bocanariz-la-vitrina-del-vino-chileno","https://azure-seal-918691.hostingersite.com/wp-content/uploads/2025/10/BOCANARIZ-6.webp","BOCANARIZ-5.webp","idx 6 -> 5"
"bocanariz-la-vitrina-del-vino-chileno","https://azure-seal-918691.hostingersite.com/wp-content/uploads/2025/10/BOCANARIZ-7.webp","BOCANARIZ-6.webp","idx 7 -> 6"
"bocanariz-la-vitrina-del-vino-chileno","https://azure-seal-918691.hostingersite.com/wp-content/uploads/2025/10/BOCANARIZ-8.webp","BOCANARIZ-7.webp","idx 8 -> 7"
"bocanariz-la-vitrina-del-vino-chileno","https://azure-seal-918691.hostingersite.com/wp-content/uploads/2025/10/BOCANARIZ-9.webp","BOCANARIZ-8.webp","idx 9 -> 8"
"blue-jar-nunca-decepciona","https://azure-seal-918691.hostingersite.com/wp-content/uploads/2025/10/BLUE-JAR-2.webp","BLUE-JAR-1.webp","idx 2 -> 1"
"blue-jar-nunca-decepciona","https://azure-seal-918691.hostingersite.com/wp-content/uploads/2025/10/BLUE-JAR-3.webp","BLUE-JAR-2.webp","idx 3 -> 2"
"blue-jar-nunca-decepciona","https://azure-seal-918691.hostingersite.com/wp-content/uploads/2025/10/BLUE-JAR-4.webp","BLUE-JAR-3.webp","idx 4 -> 3"
"blue-jar-nunca-decepciona","https://azure-seal-918691.hostingersite.com/wp-content/uploads/2025/10/BLUE-JAR-5.webp","BLUE-JAR-4.webp","idx 5 -> 4"
"blue-jar-nunca-decepciona","https://azure-seal-918691.hostingersite.com/wp-content/uploads/2025/10/BLUE-JAR-6.webp","BLUE-JAR-5.webp","idx 6 -> 5"
"blue-jar-nunca-decepciona","https://azure-seal-918691.hostingersite.com/wp-content/uploads/2025/10/BLUE-JAR-7.webp","BLUE-JAR-6.webp","idx 7 -> 6"
"blue-jar-nunca-decepciona","https://azure-seal-918691.hostingersite.com/wp-content/uploads/2025/10/BLUE-JAR-8.webp","BLUE-JAR-7.webp","idx 8 -> 7"
"blue-jar-nunca-decepciona","https://azure-seal-918691.hostingersite.com/wp-content/uploads/2025/10/BLUE-JAR-9.webp","BLUE-JAR-8.webp","idx 9 -> 8"
"bardot-comer-y-bailar-al-mas-alto-nivel","https://azure-seal-918691.hostingersite.com/wp-content/uploads/2025/10/BARDOT-2.webp","BARDOT-1.webp","idx 2 -> 1"
"bardot-comer-y-bailar-al-mas-alto-nivel","https://azure-seal-918691.hostingersite.com/wp-content/uploads/2025/10/BARDOT-3.webp","BARDOT-2.webp","idx 3 -> 2"
"bardot-comer-y-bailar-al-mas-alto-nivel","https://azure-seal-918691.hostingersite.com/wp-content/uploads/2025/10/BARDOT-4.webp","BARDOT-3.webp","idx 4 -> 3"
"bardot-comer-y-bailar-al-mas-alto-nivel","https://azure-seal-918691.hostingersite.com/wp-content/uploads/2025/10/BARDOT-6.webp","BARDOT-4.webp","idx 6 -> 4"
"bardot-comer-y-bailar-al-mas-alto-nivel","https://azure-seal-918691.hostingersite.com/wp-content/uploads/2025/10/BARDOT-7.webp","BARDOT-5.webp","idx 7 -> 5"
"bardot-comer-y-bailar-al-mas-alto-nivel","https://azure-seal-918691.hostingersite.com/wp-content/uploads/2025/10/BARDOT-9.webp","BARDOT-6.webp","idx 9 -> 6"
"bardot-comer-y-bailar-al-mas-alto-nivel","https://azure-seal-918691.hostingersite.com/wp-content/uploads/2025/10/BARDOT-10.webp","BARDOT-7.webp","idx 10 -> 7"
"bardot-comer-y-bailar-al-mas-alto-nivel","https://azure-seal-918691.hostingersite.com/wp-content/uploads/2025/10/BARDOT-12.webp","BARDOT-8.webp","idx 12 -> 8"
"artemisa-un-altar-a-la-cocteleria-de-autor","https://azure-seal-918691.hostingersite.com/wp-content/uploads/2025/10/ARTEMISA-2.webp","ARTEMISA-1.webp","idx 2 -> 1"
"artemisa-un-altar-a-la-cocteleria-de-autor","https://azure-seal-918691.hostingersite.com/wp-content/uploads/2025/10/ARTEMISA-3.webp","ARTEMISA-2.webp","idx 3 -> 2"
"artemisa-un-altar-a-la-cocteleria-de-autor","https://azure-seal-918691.hostingersite.com/wp-content/uploads/2025/10/ARTEMISA-4.webp","ARTEMISA-3.webp","idx 4 -> 3"
"artemisa-un-altar-a-la-cocteleria-de-autor","https://azure-seal-918691.hostingersite.com/wp-content/uploads/2025/10/ARTEMISA-5.webp","ARTEMISA-4.webp","idx 5 -> 4"
"artemisa-un-altar-a-la-cocteleria-de-autor","https://azure-seal-918691.hostingersite.com/wp-content/uploads/2025/10/ARTEMISA-6.webp","ARTEMISA-5.webp","idx 6 -> 5"
"artemisa-un-altar-a-la-cocteleria-de-autor","https://azure-seal-918691.hostingersite.com/wp-content/uploads/2025/10/ARTEMISA-7.webp","ARTEMISA-6.webp","idx 7 -> 6"
"artemisa-un-altar-a-la-cocteleria-de-autor","https://azure-seal-918691.hostingersite.com/wp-content/uploads/2025/10/ARTEMISA-8.webp","ARTEMISA-7.webp","idx 8 -> 7"
"arca-sabores-del-mundo-reunidos-en-vitacura","https://azure-seal-918691.hostingersite.com/wp-content/uploads/2025/10/ARCA-2.webp","ARCA-1.webp","idx 2 -> 1"
"arca-sabores-del-mundo-reunidos-en-vitacura","https://azure-seal-918691.hostingersite.com/wp-content/uploads/2025/10/ARCA-3.webp","ARCA-2.webp","idx 3 -> 2"
"arca-sabores-del-mundo-reunidos-en-vitacura","https://azure-seal-918691.hostingersite.com/wp-content/uploads/2025/10/ARCA-4.webp","ARCA-3.webp","idx 4 -> 3"
"arca-sabores-del-mundo-reunidos-en-vitacura","https://azure-seal-918691.hostingersite.com/wp-content/uploads/2025/10/ARCA-5.webp","ARCA-4.webp","idx 5 -> 4"
"arca-sabores-del-mundo-reunidos-en-vitacura","https://azure-seal-918691.hostingersite.com/wp-content/uploads/2025/10/ARCA-6.webp","ARCA-5.webp","idx 6 -> 5"
"arca-sabores-del-mundo-reunidos-en-vitacura","https://azure-seal-918691.hostingersite.com/wp-content/uploads/2025/10/ARCA-7.webp","ARCA-6.webp","idx 7 -> 6"
"ambrosia-restaurante-bistro-dos-versiones-de-un-gran-concepto","https://azure-seal-918691.hostingersite.com/wp-content/uploads/2025/10/AMBROSIA-2.webp","AMBROSIA-1.webp","idx 2 -> 1"
"ambrosia-restaurante-bistro-dos-versiones-de-un-gran-concepto","https://azure-seal-918691.hostingersite.com/wp-content/uploads/2025/10/AMBROSIA-3.webp","AMBROSIA-2.webp","idx 3 -> 2"
"ambrosia-restaurante-bistro-dos-versiones-de-un-gran-concepto","https://azure-seal-918691.hostingersite.com/wp-content/uploads/2025/10/AMBROSIA-4.webp","AMBROSIA-3.webp","idx 4 -> 3"
"ambrosia-restaurante-bistro-dos-versiones-de-un-gran-concepto","https://azure-seal-918691.hostingersite.com/wp-content/uploads/2025/10/AMBROSIA-5.webp","AMBROSIA-4.webp","idx 5 -> 4"
"ambrosia-restaurante-bistro-dos-versiones-de-un-gran-concepto","https://azure-seal-918691.hostingersite.com/wp-content/uploads/2025/10/AMBROSIA-6.webp","AMBROSIA-5.webp","idx 6 -> 5"
"ambrosia-restaurante-bistro-dos-versiones-de-un-gran-concepto","https://azure-seal-918691.hostingersite.com/wp-content/uploads/2025/10/AMBROSIA-7.webp","AMBROSIA-6.webp","idx 7 -> 6"
"ambrosia-restaurante-bistro-dos-versiones-de-un-gran-concepto","https://azure-seal-918691.hostingersite.com/wp-content/uploads/2025/10/AMBROSIA-8.webp","AMBROSIA-7.webp","idx 8 -> 7"
"ambrosia-restaurante-bistro-dos-versiones-de-un-gran-concepto","https://azure-seal-918691.hostingersite.com/wp-content/uploads/2025/10/AMBROSIA-9.webp","AMBROSIA-8.webp","idx 9 -> 8"
"ac-kitchen-la-madurez-de-un-chef-en-movimiento","https://azure-seal-918691.hostingersite.com/wp-content/uploads/2025/10/AC-KITCHEN.2.webp","AC-KITCHEN.2-1.webp","idx 2 -> 1"
"ac-kitchen-la-madurez-de-un-chef-en-movimiento","https://azure-seal-918691.hostingersite.com/wp-content/uploads/2025/10/AC-KITCHEN.3.webp","AC-KITCHEN.3-2.webp","idx 3 -> 2"
"ac-kitchen-la-madurez-de-un-chef-en-movimiento","https://azure-seal-918691.hostingersite.com/wp-content/uploads/2025/10/AC-KITCHEN.4.webp","AC-KITCHEN.4-3.webp","idx 4 -> 3"
"ac-kitchen-la-madurez-de-un-chef-en-movimiento","https://azure-seal-918691.hostingersite.com/wp-content/uploads/2025/10/AC-KITCHEN.5.webp","AC-KITCHEN.5-4.webp","idx 5 -> 4"
"ac-kitchen-la-madurez-de-un-chef-en-movimiento","https://azure-seal-918691.hostingersite.com/wp-content/uploads/2025/10/AC-KITCHEN.6.webp","AC-KITCHEN.6-5.webp","idx 6 -> 5"
"ac-kitchen-la-madurez-de-un-chef-en-movimiento","https://azure-seal-918691.hostingersite.com/wp-content/uploads/2025/10/AC-KITCHEN.7.webp","AC-KITCHEN.7-6.webp","idx 7 -> 6"
"ac-kitchen-la-madurez-de-un-chef-en-movimiento","https://azure-seal-918691.hostingersite.com/wp-content/uploads/2025/10/AC-KITCHEN.8.webp","AC-KITCHEN.8-7.webp","idx 8 -> 7"
"ac-kitchen-la-madurez-de-un-chef-en-movimiento","https://azure-seal-918691.hostingersite.com/wp-content/uploads/2025/10/AC-KITCHEN.9.webp","AC-KITCHEN.9-8.webp","idx 9 -> 8"
"ac-kitchen-la-madurez-de-un-chef-en-movimiento","https://azure-seal-918691.hostingersite.com/wp-content/uploads/2025/10/AC-KITCHEN.10.webp","AC-KITCHEN.10-9.webp","idx 10 -> 9"
"ac-kitchen-la-madurez-de-un-chef-en-movimiento","https://azure-seal-918691.hostingersite.com/wp-content/uploads/2025/10/AC-KITCHEN.11.webp","AC-KITCHEN.11-10.webp","idx 11 -> 10"
"ac-kitchen-la-madurez-de-un-chef-en-movimiento","https://azure-seal-918691.hostingersite.com/wp-content/uploads/2025/10/AC-KITCHEN.12.webp","AC-KITCHEN.12-11.webp","idx 12 -> 11"
"edificio-banco-de-chile-casi-100-anos-de-arquitectura-patrimonial","https://azure-seal-918691.hostingersite.com/wp-content/uploads/2025/09/BANCO-DE-CHILE-3.webp","BANCO-DE-CHILE-2.webp","idx 3 -> 2"
"vina-concha-y-toro-embajadores-del-vino-chileno","https://azure-seal-918691.hostingersite.com/wp-content/uploads/2025/07/concha_y_toro-2.webp","concha_y_toro-1.webp","idx 2 -> 1"
"vina-concha-y-toro-embajadores-del-vino-chileno","https://azure-seal-918691.hostingersite.com/wp-content/uploads/2025/07/concha_y_toro-3.webp","concha_y_toro-2.webp","idx 3 -> 2"
"vina-concha-y-toro-embajadores-del-vino-chileno","https://azure-seal-918691.hostingersite.com/wp-content/uploads/2025/07/concha_y_toro-4.webp","concha_y_toro-3.webp","idx 4 -> 3"
"vina-concha-y-toro-embajadores-del-vino-chileno","https://azure-seal-918691.hostingersite.com/wp-content/uploads/2025/07/concha_y_toro-5.webp","concha_y_toro-4.webp","idx 5 -> 4"
"vina-concha-y-toro-embajadores-del-vino-chileno","https://azure-seal-918691.hostingersite.com/wp-content/uploads/2025/07/concha_y_toro-6.webp","concha_y_toro-5.webp","idx 6 -> 5"
"vina-concha-y-toro-embajadores-del-vino-chileno","https://azure-seal-918691.hostingersite.com/wp-content/uploads/2025/07/concha_y_toro-7.webp","concha_y_toro-6.webp","idx 7 -> 6"
"parque-san-alberto-hurtado-escenario-de-grandes-eventos","https://azure-seal-918691.hostingersite.com/wp-content/uploads/2025/07/bicentenario_cerrillos-2-1.webp","bicentenario_cerrillos-2-2.webp","idx 1 -> 2"
"plaza-de-armas-nucleo-fundacional","https://azure-seal-918691.hostingersite.com/wp-content/uploads/2025/07/plaza_de_armas-6-1.webp","plaza_de_armas-6-2.webp","idx 1 -> 2"
"plaza-de-armas-nucleo-fundacional","https://azure-seal-918691.hostingersite.com/wp-content/uploads/2025/07/plaza_de_armas-2.webp","plaza_de_armas-3.webp","idx 2 -> 3"
"bellas-artes-lastarria-cultura-y-gastronomia-para-recorrer","https://azure-seal-918691.hostingersite.com/wp-content/uploads/2025/09/lastarria-1.webp","lastarria-2.webp","idx 1 -> 2"
"bellas-artes-lastarria-cultura-y-gastronomia-para-recorrer","https://azure-seal-918691.hostingersite.com/wp-content/uploads/2025/07/bellas_artes_las_tarrias-2.webp","bellas_artes_las_tarrias-3.webp","idx 2 -> 3"
"bellas-artes-lastarria-cultura-y-gastronomia-para-recorrer","https://azure-seal-918691.hostingersite.com/wp-content/uploads/2025/09/lastarria-2.webp","lastarria-4.webp","idx 2 -> 4"
"bellas-artes-lastarria-cultura-y-gastronomia-para-recorrer","https://azure-seal-918691.hostingersite.com/wp-content/uploads/2025/07/bellas_artes_las_tarrias-3.webp","bellas_artes_las_tarrias-5.webp","idx 3 -> 5"
"barrio-el-golf-sanhattan","https://azure-seal-918691.hostingersite.com/wp-content/uploads/2025/07/sanhattan-6.webp","sanhattan-4.webp","idx 6 -> 4"
"caos","https://azure-seal-918691.hostingersite.com/wp-content/uploads/2025/10/CAOS-COMEDOR-CAFE-2.webp","CAOS-COMEDOR-CAFE-1.webp","idx 2 -> 1"
"caos","https://azure-seal-918691.hostingersite.com/wp-content/uploads/2025/10/CAOS-COMEDOR-CAFE-3.webp","CAOS-COMEDOR-CAFE-2.webp","idx 3 -> 2"
"caos","https://azure-seal-918691.hostingersite.com/wp-content/uploads/2025/10/CAOS-COMEDOR-CAFE-4.webp","CAOS-COMEDOR-CAFE-3.webp","idx 4 -> 3"
"caos","https://azure-seal-918691.hostingersite.com/wp-content/uploads/2025/10/CAOS-COMEDOR-CAFE-5.webp","CAOS-COMEDOR-CAFE-4.webp","idx 5 -> 4"
"caos","https://azure-seal-918691.hostingersite.com/wp-content/uploads/2025/10/CAOS-COMEDOR-CAFE-6.webp","CAOS-COMEDOR-CAFE-5.webp","idx 6 -> 5"
"caos","https://azure-seal-918691.hostingersite.com/wp-content/uploads/2025/10/CAOS-COMEDOR-CAFE-7.webp","CAOS-COMEDOR-CAFE-6.webp","idx 7 -> 6"
"happening-santiago","https://azure-seal-918691.hostingersite.com/wp-content/uploads/2025/10/HAPPENING-2.webp","HAPPENING-1.webp","idx 2 -> 1"
"happening-santiago","https://azure-seal-918691.hostingersite.com/wp-content/uploads/2025/10/HAPPENING-3.webp","HAPPENING-2.webp","idx 3 -> 2"
"happening-santiago","https://azure-seal-918691.hostingersite.com/wp-content/uploads/2025/10/HAPPENING-4.webp","HAPPENING-3.webp","idx 4 -> 3"
"happening-santiago","https://azure-seal-918691.hostingersite.com/wp-content/uploads/2025/10/HAPPENING-5.webp","HAPPENING-4.webp","idx 5 -> 4"
"happening-santiago","https://azure-seal-918691.hostingersite.com/wp-content/uploads/2025/10/HAPPENING-6.webp","HAPPENING-5.webp","idx 6 -> 5"
"happening-santiago","https://azure-seal-918691.hostingersite.com/wp-content/uploads/2025/10/HAPPENING-7.webp","HAPPENING-6.webp","idx 7 -> 6"
"happening-santiago","https://azure-seal-918691.hostingersite.com/wp-content/uploads/2025/10/HAPPENING-8.webp","HAPPENING-7.webp","idx 8 -> 7"
"happening-santiago","https://azure-seal-918691.hostingersite.com/wp-content/uploads/2025/10/HAPPENING-9.webp","HAPPENING-8.webp","idx 9 -> 8"
"happening-santiago","https://azure-seal-918691.hostingersite.com/wp-content/uploads/2025/10/HAPPENING-10.webp","HAPPENING-9.webp","idx 10 -> 9"
"la-biferia","https://azure-seal-918691.hostingersite.com/wp-content/uploads/2025/10/LA-BIFERIA-2.webp","LA-BIFERIA-1.webp","idx 2 -> 1"
"la-biferia","https://azure-seal-918691.hostingersite.com/wp-content/uploads/2025/10/LA-BIFERIA-3.webp","LA-BIFERIA-2.webp","idx 3 -> 2"
"la-biferia","https://azure-seal-918691.hostingersite.com/wp-content/uploads/2025/10/LA-BIFERIA-4.webp","LA-BIFERIA-3.webp","idx 4 -> 3"
"la-biferia","https://azure-seal-918691.hostingersite.com/wp-content/uploads/2025/10/LA-BIFERIA-5.webp","LA-BIFERIA-4.webp","idx 5 -> 4"
"la-biferia","https://azure-seal-918691.hostingersite.com/wp-content/uploads/2025/10/LA-BIFERIA-6.webp","LA-BIFERIA-5.webp","idx 6 -> 5"
"la-biferia","https://azure-seal-918691.hostingersite.com/wp-content/uploads/2025/10/LA-BIFERIA-7.webp","LA-BIFERIA-6.webp","idx 7 -> 6"
"la-biferia","https://azure-seal-918691.hostingersite.com/wp-content/uploads/2025/10/LA-BIFERIA-8.webp","LA-BIFERIA-7.webp","idx 8 -> 7"
"la-biferia","https://azure-seal-918691.hostingersite.com/wp-content/uploads/2025/10/LA-BIFERIA-9.webp","LA-BIFERIA-8.webp","idx 9 -> 8"
"la-biferia","https://azure-seal-918691.hostingersite.com/wp-content/uploads/2025/10/LA-BIFERIA-10.webp","LA-BIFERIA-9.webp","idx 10 -> 9"
"mirai-food-lab","https://azure-seal-918691.hostingersite.com/wp-content/uploads/2025/10/MIRAI-FOOD-LAB-2.webp","MIRAI-FOOD-LAB-1.webp","idx 2 -> 1"
"mirai-food-lab","https://azure-seal-918691.hostingersite.com/wp-content/uploads/2025/10/MIRAI-FOOD-LAB-3.webp","MIRAI-FOOD-LAB-2.webp","idx 3 -> 2"
"mirai-food-lab","https://azure-seal-918691.hostingersite.com/wp-content/uploads/2025/10/MIRAI-FOOD-LAB-4.webp","MIRAI-FOOD-LAB-3.webp","idx 4 -> 3"
"mirai-food-lab","https://azure-seal-918691.hostingersite.com/wp-content/uploads/2025/10/MIRAI-FOOD-LAB-5.webp","MIRAI-FOOD-LAB-4.webp","idx 5 -> 4"
"mirai-food-lab","https://azure-seal-918691.hostingersite.com/wp-content/uploads/2025/10/MIRAI-FOOD-LAB-6.webp","MIRAI-FOOD-LAB-5.webp","idx 6 -> 5"
"mirai-food-lab","https://azure-seal-918691.hostingersite.com/wp-content/uploads/2025/10/MIRAI-FOOD-LAB-7.webp","MIRAI-FOOD-LAB-6.webp","idx 7 -> 6"
"mirai-food-lab","https://azure-seal-918691.hostingersite.com/wp-content/uploads/2025/10/MIRAI-FOOD-LAB-8.webp","MIRAI-FOOD-LAB-7.webp","idx 8 -> 7"
"mirai-food-lab","https://azure-seal-918691.hostingersite.com/wp-content/uploads/2025/10/MIRAI-FOOD-LAB-9.webp","MIRAI-FOOD-LAB-8.webp","idx 9 -> 8"
"mirai-food-lab","https://azure-seal-918691.hostingersite.com/wp-content/uploads/2025/10/MIRAI-FOOD-LAB-10.webp","MIRAI-FOOD-LAB-9.webp","idx 10 -> 9"
"mirai-food-lab","https://azure-seal-918691.hostingersite.com/wp-content/uploads/2025/10/MIRAI-FOOD-LAB-11.webp","MIRAI-FOOD-LAB-10.webp","idx 11 -> 10"
"mirai-food-lab","https://azure-seal-918691.hostingersite.com/wp-content/uploads/2025/10/MIRAI-FOOD-LAB-12.webp","MIRAI-FOOD-LAB-11.webp","idx 12 -> 11"
"prima-bar","https://azure-seal-918691.hostingersite.com/wp-content/uploads/2025/10/PRIMA-BAR-3.webp","PRIMA-BAR-1.webp","idx 3 -> 1"
"prima-bar","https://azure-seal-918691.hostingersite.com/wp-content/uploads/2025/10/PRIMA-BAR-4.webp","PRIMA-BAR-2.webp","idx 4 -> 2"
"prima-bar","https://azure-seal-918691.hostingersite.com/wp-content/uploads/2025/10/PRIMA-BAR-5.webp","PRIMA-BAR-3.webp","idx 5 -> 3"
"prima-bar","https://azure-seal-918691.hostingersite.com/wp-content/uploads/2025/10/PRIMA-BAR-6.webp","PRIMA-BAR-4.webp","idx 6 -> 4"
"prima-bar","https://azure-seal-918691.hostingersite.com/wp-content/uploads/2025/10/PRIMA-BAR-7.webp","PRIMA-BAR-5.webp","idx 7 -> 5"
"prima-bar","https://azure-seal-918691.hostingersite.com/wp-content/uploads/2025/10/PRIMA-BAR-8.webp","PRIMA-BAR-6.webp","idx 8 -> 6"
"prima-bar","https://azure-seal-918691.hostingersite.com/wp-content/uploads/2025/10/PRIMA-BAR-9.webp","PRIMA-BAR-7.webp","idx 9 -> 7"
"restaurante-the-singular","https://azure-seal-918691.hostingersite.com/wp-content/uploads/2025/10/THE-SINGULAR-2.webp","THE-SINGULAR-1.webp","idx 2 -> 1"
"restaurante-the-singular","https://azure-seal-918691.hostingersite.com/wp-content/uploads/2025/10/THE-SINGULAR-3.webp","THE-SINGULAR-2.webp","idx 3 -> 2"
"restaurante-the-singular","https://azure-seal-918691.hostingersite.com/wp-content/uploads/2025/10/THE-SINGULAR-4.webp","THE-SINGULAR-3.webp","idx 4 -> 3"
"restaurante-the-singular","https://azure-seal-918691.hostingersite.com/wp-content/uploads/2025/10/THE-SINGULAR-5.webp","THE-SINGULAR-4.webp","idx 5 -> 4"
"restaurante-the-singular","https://azure-seal-918691.hostingersite.com/wp-content/uploads/2025/10/THE-SINGULAR-6.webp","THE-SINGULAR-5.webp","idx 6 -> 5"
"restaurante-the-singular","https://azure-seal-918691.hostingersite.com/wp-content/uploads/2025/10/THE-SINGULAR-7.webp","THE-SINGULAR-6.webp","idx 7 -> 6"
"restaurante-the-singular","https://azure-seal-918691.hostingersite.com/wp-content/uploads/2025/10/THE-SINGULAR-8.webp","THE-SINGULAR-7.webp","idx 8 -> 7"